On-the-job task,CAMP,CSAM,CHAMP,AIGP,ITIL 4 Foundation,IAM Certificate
Stand up program governance and policy,yes,,,,,yes
Baseline or score ITAM process maturity,yes,yes,yes,,,yes
Assign real ownership across the inventory,yes,,,,,
Establish a license position before a vendor audit,,yes,,,,
Find and consolidate duplicate or underused assets,,yes,,,,yes
Retire hardware and track refresh cost,,,yes,,,
Manage vendor and contract relationships,,,,,yes,
"Tier, log, and control a new AI use case",,,,yes,,
Govern the technical change or release itself,,,,,yes*,
